"","Gene","test.type","p_value","log2.mean.Cluster_Other","log2.mean.A","log2fold_change","Auc"
"4","gene_7","hurdle",0.39990119691996,12.90824,13.72166,0.813420000000001,1
"1","gene_1","hurdle",0.415905773033904,12.80718,13.5958,0.78862,0.999
"3","gene_5","hurdle",0.585833166444427,12.87726,13.48045,0.60319,0.991
"2","gene_3","hurdle",0.513913400641279,12.89458,13.57896,0.684380000000001,0.985
