"","Gene","test.type","p_value","log2.mean.Cluster_Other","log2.mean.C","log2fold_change","Auc"
"5","gene_25","hurdle",0.00274211687649258,12.85815,13.68773,0.82958,1
"1","gene_20","hurdle",0.0033718218665624,12.85721,13.67514,0.81793,1
"6","gene_27","hurdle",0.0158168717966731,12.85109,13.54221,0.691120000000002,0.999
"4","gene_24","hurdle",0.00861629810973597,12.8005,13.53779,0.73729,0.996
"2","gene_21","hurdle",0.0372718195043059,12.87319,13.47902,0.605830000000001,0.99
"3","gene_22","hurdle",0.0421628979616887,12.85119,13.4374,0.586209999999999,0.962
